{"stats":{"minecraft:custom":{"minecraft:jump":20,"minecraft:time_since_rest":2360,"minecraft:damage_dealt":58,"minecraft:leave_game":1,"minecraft:sprint_one_cm":1610,"minecraft:play_time":2360,"minecraft:time_since_death":2360,"minecraft:walk_one_cm":5041,"minecraft:total_world_time":2360,"minecraft:fall_one_cm":209,"minecraft:fly_one_cm":1875},"minecraft:mined":{"minecraft:tall_grass":1,"minecraft:grass":5,"minecraft:grass_block":7},"minecraft:picked_up":{"minecraft:dirt":7},"minecraft:used":{"minecraft:dirt":7}},"DataVersion":3465}